Contemporary Art | Hong Kong,8–15 SEPTEMBER 2020 | 11:00 AM HKT | HONG KONG,https://www.sothebys.com/en/buy/auction/2020/contemporary-art-hong-kong
Contemporary Art | London,13–20 AUGUST 2020 | 2:00 PM BST | LONDON,https://www.sothebys.com/en/buy/auction/2020/contemporary-art-london-2
Contemporary Art Day Sale,20–30 JULY 2020 | 2:00 PM BST | LONDON,https://www.sothebys.com/en/buy/auction/2020/contemporary-art-london
Modern & Post-War British Art Day Sale,20–30 JULY 2020 | 1:00 PM BST | LONDON,https://www.sothebys.com/en/buy/auction/2020/modern-post-war-british-art-london
Impressionist & Modern Art Day Sale,20–29 JULY 2020 | 2:00 PM BST | LONDON,https://www.sothebys.com/en/buy/auction/2020/impressionist-modern-art-london
Rembrandt to Richter,28 JULY 2020 | 5:00 PM BST | LONDON,https://www.sothebys.com/en/buy/auction/2020/evening-sale-london
Picasso Prints & Ceramics,13–24 JULY 2020 | 2:00 PM EDT | NEW YORK,https://www.sothebys.com/en/buy/auction/2020/picasso-prints-ceramics-online
From Coast to Coast: Property from a Private Florida Collection,15–24 JULY 2020 | 12:00 PM EDT | NEW YORK,https://www.sothebys.com/en/buy/auction/2020/from-coast-to-coast-property-from-a-private-florida-collection
Contemporary Art | New York,10–17 JULY 2020 | 12:00 PM EDT | NEW YORK,https://www.sothebys.com/en/buy/auction/2020/contemporary-art-online-new-york-2
The Ginny Williams Collection: Part II,9–16 JULY 2020 | 12:00 PM EDT | NEW YORK,https://www.sothebys.com/en/buy/auction/2020/the-ginny-williams-collection-part-ii
Contemporary Art Day Sale,10 JULY 2020 | 10:30 AM HKT | HONG KONG,https://www.sothebys.com/en/buy/auction/2020/contemporary-art-day-sale
Contemporary Art Evening Sale,9 JULY 2020 | 7:00 PM HKT | HONG KONG,https://www.sothebys.com/en/auctions/2020/contemporary-art-evening-sale-hk0927.html
Modern Art Day Sale,9 JULY 2020 | 2:30 PM HKT | HONG KONG,https://www.sothebys.com/en/auctions/2020/modern-art-day-sale-hk0931.html
Modern Art Evening Sale,8 JULY 2020 | 7:00 PM HKT | HONG KONG,https://www.sothebys.com/en/auctions/2020/modern-art-evening-sale-hk0928.html
Food For Thought,25 JUNE–2 JULY 2020 | 12:00 PM EDT | NEW YORK,https://www.sothebys.com/en/buy/auction/2020/food-for-thought
Contemporary Art Day Auction,30 JUNE 2020 | 12:00 PM EDT | NEW YORK,https://www.sothebys.com/en/buy/auction/2020/contemporary-art-day-auction
Swiss Made UNLOCKED,23–30 JUNE 2020 | 3:00 PM CEST | ZURICH,https://www.sothebys.com/en/buy/auction/2020/swiss-made-unlocked
Impressionist & Modern Art Evening Sale,29 JUNE 2020 | 7:30 PM EDT | NEW YORK,https://www.sothebys.com/en/buy/auction/2020/impressionist-modern-art-evening-sale
Contemporary Art Evening Auction,29 JUNE 2020 | 7:00 PM EDT | NEW YORK,https://www.sothebys.com/en/buy/auction/2020/contemporary-art-evening-auction
The Ginny Williams Collection Evening Sale,29 JUNE 2020 | 6:30 PM EDT | NEW YORK,https://www.sothebys.com/en/buy/auction/2020/the-ginny-williams-collection-evening-sale
Impressionist & Modern Art Day Sale,29 JUNE 2020 | 10:00 AM EDT | NEW YORK,https://www.sothebys.com/en/buy/auction/2020/impressionist-modern-art-day-sale
American Art,26 JUNE 2020 | 10:00 AM EDT | NEW YORK,https://www.sothebys.com/en/buy/auction/2020/american-art
This Too Shall Pass,18–25 JUNE 2020 | 4:00 PM GST | DUBAI,https://www.sothebys.com/en/buy/auction/2020/this-too-shall-pass
Art Contemporain Evening Sale,24 JUNE 2020 | 7:00 PM CEST | PARIS,https://www.sothebys.com/en/buy/auction/2020/art-contemporain-evening-sale
Art Contemporain Day Sale,24 JUNE 2020 | 2:30 PM CEST | PARIS,https://www.sothebys.com/en/buy/auction/2020/art-contemporain-day-sale
Cubism and Beyond,16–23 JUNE 2020 | 12:00 PM EDT | NEW YORK,https://www.sothebys.com/en/buy/auction/2020/cubism-and-beyond
Oeuvres sur Papier,19 JUNE 2020 | 2:30 PM CEST | PARIS,https://www.sothebys.com/en/buy/auction/2020/oeuvres-sur-papier-2
Art Impressionniste et Moderne,18 JUNE 2020 | 6:00 PM CEST | PARIS,https://www.sothebys.com/en/buy/auction/2020/art-impressionniste-et-moderne
The World of Picasso: Including Works from the Collection of Marina Picasso,8–18 JUNE 2020 | 2:00 PM BST | LONDON,https://www.sothebys.com/en/buy/auction/2020/the-world-of-picasso
European Art: Paintings & Sculpture,12–18 JUNE 2020 | 2:00 PM BST | LONDON,https://www.sothebys.com/en/buy/auction/2020/european-art-paintings-sculpture
Contemporary Art | Milan,4–16 JUNE 2020 | 4:00 PM CEST | MILAN,https://www.sothebys.com/en/buy/auction/2020/contemporary-art-milan
Contemporary Showcase: MEET AllRightsReserved,9–16 JUNE 2020 | 11:00 AM HKT | HONG KONG,https://www.sothebys.com/en/buy/auction/2020/contemporary-showcase-meet-allrightsreserved
Contemporary Showcase: Time Goes On,2–9 JUNE 2020 | 11:00 AM HKT | HONG KONG,https://www.sothebys.com/en/buy/auction/2020/contemporary-showcase-time-goes-on
The Artist’s Sketchbook: Where Inspiration Finds Form,22 MAY–4 JUNE 2020 | 2:00 PM BST | LONDON,https://www.sothebys.com/en/buy/auction/2020/the-artists-sketchbook-where-inspiration-finds-form
Contemporary Art Online | Paris,25 MAY–3 JUNE 2020 | 3:00 PM CEST | PARIS,https://www.sothebys.com/en/buy/auction/2020/contemporary-art-online-paris
Contemporary Showcase: Summer Lovin’,26 MAY–2 JUNE 2020 | 11:00 AM HKT | HONG KONG,https://www.sothebys.com/en/buy/auction/2020/contemporary-showcase-summer-lovin
I Have to Stay at Home,22–28 MAY 2020 | 2:00 PM BST | LONDON,https://www.sothebys.com/en/buy/auction/2020/i-have-to-stay-at-home
Impressionist & Modern Art Online,19–28 MAY 2020 | 3:00 PM CEST | PARIS,https://www.sothebys.com/en/buy/auction/2020/art-impressionniste-et-moderne-online
Refining Taste: Works Selected by Danny Katz,20–27 MAY 2020 | 3:00 PM BST | LONDON,https://www.sothebys.com/en/buy/auction/2020/refining-taste-works-selected-by-danny-katz
In Confidence: Selected Masterpieces,23 MAY 2020 | HONG KONG,https://www.sothebys.com/en/digital-catalogues/in-confidence-selected-masterpieces
EYE/EAST,22 MAY 2020 | 10:00 AM HKT | HONG KONG,https://www.sothebys.com/en/auctions/2020/eye-east-hk1000.html
Contemporary Showcase: Cheer Up!,12–19 MAY 2020 | 11:00 AM HKT | HONG KONG,https://www.sothebys.com/en/buy/auction/2020/contemporary-showcase-cheer-up
Impressionist & Modern Art Day Sale Online,4–18 MAY 2020 | 12:00 PM EDT | NEW YORK,https://www.sothebys.com/en/buy/auction/2020/impressionist-modern-art-day-sale-online
Eclectic | London,2–18 MAY 2020 | 2:00 PM BST | LONDON,https://www.sothebys.com/en/buy/auction/2020/eclectic-london
Contemporary Art Day: An Online Auction,4–14 MAY 2020 | 12:00 PM EDT | NEW YORK,https://www.sothebys.com/en/buy/auction/2020/contemporary-art-day-an-online-auction
Contemporary Showcase: Another World,28 APRIL–4 MAY 2020 | 3:00 PM HKT | HONG KONG,https://www.sothebys.com/en/buy/auction/2020/contemporary-showcase-another-world
Eclectic | New York,24 APRIL–1 MAY 2020 | 12:00 PM EDT | NEW YORK,https://www.sothebys.com/en/buy/auction/2020/eclectic-new-york
Journey through France: A Private Collection of Post-Impressionist Paintings,23 APRIL–1 MAY 2020 | 10:00 AM EDT | NEW YORK,https://www.sothebys.com/en/buy/auction/2020/journey-through-france-a-private-collection-of-post-impressionist-paintings
Take a Seat,23–29 APRIL 2020 | 3:00 PM CEST | PARIS,https://www.sothebys.com/en/buy/auction/2020/take-a-seat
Contemporary Curated,14–21 APRIL 2020 | 2:00 PM BST | LONDON,https://www.sothebys.com/en/buy/auction/2020/contemporary-curated
Contemporary Art | Hong Kong,1–16 APRIL 2020 | 11:00 AM HKT | HONG KONG,https://www.sothebys.com/en/buy/auction/2020/contemporary-art-online-hong-kong
Contemporary Art Online | London,31 MARCH–8 APRIL 2020 | 2:00 PM BST | LONDON,https://www.sothebys.com/en/buy/auction/2020/contemporary-art-online-london
Joseph H. Hirshhorn: Collector for A Nation - An Online Sale,23 MARCH–2 APRIL 2020 | 12:00 PM EDT | NEW YORK,https://www.sothebys.com/en/buy/auction/2020/joseph-h-hirshhorn-collector-for-a-nation-an-online-sale
Contemporary Art Online | New York,28 FEBRUARY–10 MARCH 2020 | 12:00 PM EDT | NEW YORK,https://www.sothebys.com/en/buy/auction/2020/contemporary-art-online-new-york
Contemporary Curated,6 MARCH 2020 | 10:00 AM EST | NEW YORK,https://www.sothebys.com/en/auctions/2020/contemporary-curated-n10321.html
NOW!,18–26 FEBRUARY 2020 | 3:00 PM CET | PARIS,https://www.sothebys.com/en/buy/auction/2020/now
Erotic Online,11–20 FEBRUARY 2020 | 2:00 PM GMT | LONDON,https://www.sothebys.com/en/buy/auction/2020/erotic-online
Pablo Picasso: Souvenirs de Vacances. Unique Works from the Collection of Ma…,10–19 FEBRUARY 2020 | 2:00 PM GMT | LONDON,https://www.sothebys.com/en/buy/auction/2020/pablo-picasso-souvenirs-de-vacances-unique-works-from-the-collection-of-marina-picasso-online-sale
Contemporary Art Online | Milan,7–18 FEBRUARY 2020 | 3:00 PM CET | MILAN,https://www.sothebys.com/en/buy/auction/2020/contemporary-art-online-milan
Contemporary Art Day Auction,12 FEBRUARY 2020 | 11:00 AM GMT | LONDON,https://www.sothebys.com/en/auctions/2019/contemporary-art-day-l20021.html
Contemporary Art Evening Auction,11 FEBRUARY 2020 | 7:00 PM GMT | LONDON,https://www.sothebys.com/en/auctions/2019/contemporary-art-eve-l20020.html
Impressionist & Modern Art Day Sale,5 FEBRUARY 2020 | 10:30 AM GMT | LONDON,https://www.sothebys.com/en/auctions/2019/impressionist-modern-day-sale-l20004.html
"Impressionist, Modern & Surrealist Art Evening Sale",4 FEBRUARY 2020 | 7:00 PM GMT | LONDON,https://www.sothebys.com/en/auctions/2019/impressionist-modern-evening-sale-l20002.html
Norton Museum 2020 Gala and Benefit Auction,1 FEBRUARY 2020 | PALM BEACH,https://www.sothebys.com/nortongala
The Hoarder Sale,11–18 DECEMBER 2019 | 2:00 PM GMT | LONDON,https://www.sothebys.com/en/buy/auction/2019/the-hoarder-sale
Impressionist and Modern Art Online,6–17 DECEMBER 2019 | 12:00 PM EST | NEW YORK,https://www.sothebys.com/en/buy/auction/2019/impressionist-and-modern-art-online-2
Contemporary Art Online ǀ Paris,2–16 DECEMBER 2019 | 3:00 PM CET | PARIS,https://www.sothebys.com/en/buy/auction/2019/contemporary-art-online-paris-2
Contemporary Art Online | New York,25 NOVEMBER–6 DECEMBER 2019 | 12:00 PM EST | NEW YORK,https://www.sothebys.com/en/buy/auction/2019/contemporary-art-online-new-york-2
Art Contemporain Day Sale,5 DECEMBER 2019 | 2:30 PM CET | PARIS,https://www.sothebys.com/en/auctions/2019/contemporary-day-sale-pf1935.html
Art Contemporain Evening Sale,4 DECEMBER 2019 | 7:00 PM CET | PARIS,https://www.sothebys.com/en/auctions/2019/contemporary-evening-sale-pf1915.html
Arte Contemporanea,26–27 NOVEMBER 2019 | 7:00 PM CET | MILAN,https://www.sothebys.com/en/auctions/2019/arte-contemporanea-mi0340.html
"Marina Picasso Online: A Musical Feast, Unique Works from the Collection of Ma…",15–26 NOVEMBER 2019 | 12:00 PM EST | NEW YORK,https://www.sothebys.com/en/buy/auction/2019/a-musical-feast-works-from-the-collection-of-marina-picasso-online
Contemporary Art Online | London,14–21 NOVEMBER 2019 | 2:00 PM GMT | LONDON,https://www.sothebys.com/en/buy/auction/2019/contemporary-art-online-4
Contemporary Curated,19 NOVEMBER 2019 | 10:00 AM GMT | LONDON,https://www.sothebys.com/en/buy/auction/2019/contemporary-curated
The Sleep of Reason Part II: A Private Collection of Surrealist Art Online,29 OCTOBER–18 NOVEMBER 2019 | 2:00 PM EST | NEW YORK,https://www.sothebys.com/en/buy/auction/2019/the-sleep-of-reason-part-ii-a-private-collection-of-surrealist-art-online
Contemporary Art Day Auction,15 NOVEMBER 2019 | 10:00 AM EST | NEW YORK,https://www.sothebys.com/en/auctions/2019/contemporary-art-day-n10150.html
Contemporary Art Evening Auction,14 NOVEMBER 2019 | 7:00 PM EST | NEW YORK,https://www.sothebys.com/en/auctions/2019/contemporary-art-evening-n10149.html
Impressionist & Modern Art Day Sale,13 NOVEMBER 2019 | 10:00 AM EST | NEW YORK,https://www.sothebys.com/en/auctions/2019/impressionist-modern-art-day-n10148.html
Impressionist & Modern Art Evening Sale,12 NOVEMBER 2019 | 7:00 PM EST | NEW YORK,https://www.sothebys.com/en/auctions/2019/impressionist-modern-art-evening-n10147.html
20th Century Art: A Different Perspective,4–12 NOVEMBER 2019 | 2:00 PM GMT | LONDON,https://www.sothebys.com/en/buy/auction/2019/20th-century-art-a-different-perspective
GOLD: The Midas Touch,29 OCTOBER 2019 | 2:00 PM GMT | LONDON,https://www.sothebys.com/en/buy/auction/2019/gold-the-midas-touch
L’Univers Lalanne: Collection Claude & François-Xavier Lalanne,23–24 OCTOBER 2019 | 6:30 PM CEST | PARIS,https://www.sothebys.com/en/auctions/2019/collection-lalanne-pf1934.html
Impressionist and Modern Art,17 OCTOBER 2019 | 2:30 PM CEST | PARIS,https://www.sothebys.com/en/auctions/2019/impsmodern-pf1936.html
Modernités,16 OCTOBER 2019 | 6:00 PM CEST | PARIS,https://www.sothebys.com/en/auctions/2019/modernites-pf1916.html
Contemporary Art Online | Hong Kong,3–15 OCTOBER 2019 | 11:00 AM HKT | HONG KONG,https://www.sothebys.com/en/buy/auction/2019/contemporary-art-online-hong-kong
Contemporary Art,7 OCTOBER 2019 | 10:30 AM HKT | HONG KONG,https://www.sothebys.com/en/auctions/2019/contemporary-art-hk0889.html
Contemporary Art Evening Sale,6 OCTOBER 2019 | 7:00 PM HKT | HONG KONG,https://www.sothebys.com/en/auctions/2019/contemporary-art-evening-sale-hk0885.html
Modern Art,6 OCTOBER 2019 | 2:30 PM HKT | HONG KONG,https://www.sothebys.com/en/auctions/2019/modern-art-hk0888.html
Modern Art Evening Sale,5 OCTOBER 2019 | 6:30 PM HKT | HONG KONG,https://www.sothebys.com/en/auctions/2019/modern-art-evening-sale-hk0886.html
Contemporary Art Day Auction,4 OCTOBER 2019 | 10:30 AM BST | LONDON,https://www.sothebys.com/en/auctions/2019/contemporary-art-day-auction-l19025.html
Contemporary Art Evening Auction,3 OCTOBER 2019 | 7:00 PM BST | LONDON,https://www.sothebys.com/en/auctions/2019/contemporary-art-evening-auction-l19024.html
Contemporary Art Online | New York,19 SEPTEMBER–2 OCTOBER 2019 | 12:00 PM EDT | NEW YORK,https://www.sothebys.com/en/buy/auction/2019/contemporary-art-online-new-york
Saint-Germain-des-Prés: Un goût pour le XXème siècle,25 SEPTEMBER 2019 | 2:30 PM CEST | PARIS,https://www.sothebys.com/en/auctions/2019/so-st-germain-pf1924.html
Banksy | Online,6–19 SEPTEMBER 2019 | 3:00 PM BST | LONDON,https://www.sothebys.com/en/buy/auction/2019/banksy-online
Contemporary Art Online | London,13–22 AUGUST 2019 | 3:00 PM BST | LONDON,https://www.sothebys.com/en/buy/auction/2019/contemporary-art-online-london
Impressionist and Modern Art Online,10–24 JULY 2019 | 12:00 PM EDT | NEW YORK,https://www.sothebys.com/en/buy/auction/2019/impressionist-and-modern-art-online
Contemporary Art Online | New York,10–18 JULY 2019 | 12:00 PM EDT | NEW YORK,https://www.sothebys.com/en/buy/auction/2019/contemporary-art-online-3
Colossal! Monumental Works from the 1980s,10–18 JULY 2019 | 10:00 AM EDT | NEW YORK,https://www.sothebys.com/en/buy/auction/2019/colossal-monumental-works-from-the-1980s
Château d’Aunoy : du XVIIIe siècle au Design | Online,28 JUNE–10 JULY 2019 | 3:00 PM CEST | PARIS,https://www.sothebys.com/en/buy/auction/2019/chateau-daunoy-du-xviiie-siecle-au-design-online
"Recollections of Places Past, Property from the Estate of Sir John and Lady Sm…",9 JULY 2019 | 10:30 AM BST | LONDON,https://www.sothebys.com/en/auctions/2019/recollections-places-past-property-estate-sir-john-lady-smith-l19356.html
BENT.,27 JUNE 2019 | 10:00 AM EDT | NEW YORK,https://www.sothebys.com/en/buy/auction/2019/bent
Contemporary Art Day Auction,27 JUNE 2019 | 10:30 AM BST | LONDON,https://www.sothebys.com/en/auctions/2019/contemporary-art-day-auction-l19023.html
Contemporary Art Evening Auction,26 JUNE 2019 | 7:00 PM BST | LONDON,https://www.sothebys.com/en/auctions/2019/contemporary-art-evening-auction-l19022.html
Contemporary Art Online ǀ Milan,14–24 JUNE 2019 | 3:00 PM CEST | MILAN,https://www.sothebys.com/en/buy/auction/2019/contemporary-art-online-milan
Impressionist & Modern Art Day Sale,20 JUNE 2019 | 10:30 AM BST | LONDON,https://www.sothebys.com/en/auctions/2019/impressionist-modern-day-sale-l19007.html
Impressionist & Modern Art Evening Sale,19 JUNE 2019 | 7:00 PM BST | LONDON,https://www.sothebys.com/en/auctions/2019/impressionist-modern-art-evening-sale-l19006.html
Contemporary Art Online ǀ Paris,29 MAY–12 JUNE 2019 | 3:00 PM CEST | PARIS,https://www.sothebys.com/en/buy/auction/2019/contemporary-art-online-paris
Art Contemporain - Day Sale,6 JUNE 2019 | 2:30 PM CEST | PARIS,https://www.sothebys.com/en/auctions/2019/art-contemporain-day-sale-pf1925.html
Art Contemporain - Evening Sale,5 JUNE 2019 | 7:00 PM CEST | PARIS,https://www.sothebys.com/en/auctions/2019/art-contemporain-evening-sale-pf1905.html
The Supreme Vault: 1998 - 2018,20–28 MAY 2019 | 11:00 AM HKT | HONG KONG,https://www.sothebys.com/en/buy/auction/2019/the-supreme-vault-1998-2018
The Sleep of Reason | A Private Collection of Surrealist Art Online,3–20 MAY 2019 | 12:00 PM EDT | NEW YORK,https://www.sothebys.com/en/buy/auction/2019/the-sleep-of-reason-a-private-collection-of-surrealist-art-online
Contemporary Art Day Auction,17 MAY 2019 | 10:00 AM EDT | NEW YORK,https://www.sothebys.com/en/auctions/2019/contemporary-art-day-n10070.html
Contemporary Art Evening Auction,16 MAY 2019 | 7:00 PM EDT | NEW YORK,https://www.sothebys.com/en/auctions/2019/contemporary-art-evening-auction-n10069.html
Impressionist & Modern Art Day Sale,15 MAY 2019 | 10:00 AM EDT | NEW YORK,https://www.sothebys.com/en/auctions/2019/impressionist-modern-art-day-n10068.html
Impressionist & Modern Art Evening Sale,14 MAY 2019 | 7:00 PM EDT | NEW YORK,https://www.sothebys.com/en/auctions/2019/impressionist-modern-art-evening-n10067.html
Linework,26 APRIL 2019 | 12:00 PM EDT | NEW YORK,https://www.sothebys.com/buy/2cbde240-080b-4bdb-bdc3-5b0a5755ef14
Sylvain Lévy-Alban : Rive Droite / Rive Gauche,17 APRIL 2019 | 2:00 PM CEST | PARIS,https://www.sothebys.com/en/auctions/2019/sylvain-levy-alban-pf1921.html
Collection Particulière Italienne : De Giovanni Fattori à Giorgio de Chirico,16 APRIL 2019 | 2:30 PM CEST | PARIS,https://www.sothebys.com/en/auctions/2019/collection-italienne-giovanni-fattori-giorgio-de-chirico-pf1939.html
Contemporary Art Online,4–12 APRIL 2019 | 3:00 PM BST | LONDON,https://www.sothebys.com/en/buy/auction/2019/contemporary-art-online-2
Arte Contemporanea,11 APRIL 2019 | 6:00 PM CEST | MILAN,https://www.sothebys.com/en/auctions/2019/modern-and-contemporary-mi0339.html
Contemporary Online,25 MARCH–11 APRIL 2019 | 10:00 AM HKT | HONG KONG,https://www.sothebys.com/en/buy/auction/2019/contemporary-online
Contemporary Art Evening Sale,1 APRIL 2019 | 7:00 PM HKT | HONG KONG,https://www.sothebys.com/en/auctions/2019/contemporary-art-evening-sale-hk0855.html
NIGOLDENEYE® Vol. 1,1 APRIL 2019 | 6:30 PM HKT | HONG KONG,https://www.sothebys.com/en/auctions/2019/nigoldeneye-volume-one-hk0912.html
Modern Art,1 APRIL 2019 | 2:00 PM HKT | HONG KONG,https://www.sothebys.com/en/auctions/2019/modern-asian-art-hk0858.html
Contemporary Art,1 APRIL 2019 | 10:00 AM HKT | HONG KONG,https://www.sothebys.com/en/auctions/2019/contemporary-art-hk0857.html
Modern Art Evening Sale,31 MARCH 2019 | 6:30 PM HKT | HONG KONG,https://www.sothebys.com/en/auctions/2019/modern-art-evening-sale-hk0856.html
Art Impressionniste et Moderne,29 MARCH 2019 | 2:30 PM CET | PARIS,https://www.sothebys.com/en/auctions/2019/art-impressionniste-et-moderne-pf1926.html
Œuvres sur Papier,28 MARCH 2019 | 6:30 PM CET | PARIS,https://www.sothebys.com/en/auctions/2019/oeuvres-sur-papier-pf1906.html
Traits et Portraits : Une Collection Particulière,28 MARCH 2019 | 6:00 PM CET | PARIS,https://www.sothebys.com/en/auctions/2019/traits-et-portraits-pf1956.html
Collection Marcel Arland : Dans L’Amitié des Peintres,28 MARCH 2019 | 2:00 PM CET | PARIS,https://www.sothebys.com/en/auctions/2019/coll-arland-pf1946.html
"Collection Marianne et Pierre Nahon, l’art c’est la vie Online",15–25 MARCH 2019 | 3:00 PM CET | PARIS,https://www.sothebys.com/en/buy/auction/2019/collection-marianne-et-pierre-nahon-lart-cest-la-vie-online
Collection Marianne et Pierre Nahon - Day Sale,20 MARCH 2019 | 2:30 PM CET | PARIS,https://www.sothebys.com/en/auctions/2019/coll-nahon-day-sale-pf1961.html
Collection Marianne et Pierre Nahon,19 MARCH 2019 | 7:00 PM CET | PARIS,https://www.sothebys.com/en/auctions/2019/collection-marianne-pierre-nahon-pf1960.html
The Form of Ideas | Contemporary Art Online,22 FEBRUARY–8 MARCH 2019 | 12:00 PM EST | NEW YORK,https://www.sothebys.com/en/buy/auction/2019/the-form-of-ideas-contemporary-art-online
Contemporary Art Online,22 FEBRUARY–7 MARCH 2019 | 12:00 PM EST | NEW YORK,https://www.sothebys.com/en/buy/auction/2019/contemporary-art-online
Contemporary Art Day Auction,6 MARCH 2019 | 10:30 AM GMT | LONDON,https://www.sothebys.com/en/auctions/2019/contemporary-art-day-auction-l19021.html
Contemporary Art Evening Auction,5 MARCH 2019 | 7:00 PM GMT | LONDON,https://www.sothebys.com/en/auctions/2019/contemporary-art-evening-auction-l19020.html
Contemporary Curated,1 MARCH 2019 | 10:00 AM EST | NEW YORK,https://www.sothebys.com/en/auctions/2019/contemporary-curated-n10027.html
"By Women, For Tomorrow's Women",1 MARCH 2019 | 9:30 AM EST | NEW YORK,https://www.sothebys.com/en/auctions/2019/by-women-for-tomorrows-women-n10041.html
Impressionist & Modern Art Day Sale,27 FEBRUARY 2019 | 10:30 AM GMT | LONDON,https://www.sothebys.com/en/auctions/2019/impressionist-modern-art-day-sale-l19004.html
Now! Online,18–27 FEBRUARY 2019 | 3:00 PM CET | PARIS,https://www.sothebys.com/en/buy/auction/2019/now-online
Impressionist & Modern Art Evening Sale,26 FEBRUARY 2019 | 7:00 PM GMT | LONDON,https://www.sothebys.com/en/auctions/2019/impressionist-modern-art-evening-sale-l19002.html
Surrealist Art Evening Sale,26 FEBRUARY 2019 | 7:00 PM GMT | LONDON,https://www.sothebys.com/en/auctions/2019/surrealist-art-evening-sale-l19003.html
Erotic: Passion & Desire Online,5–12 FEBRUARY 2019 | 3:00 PM GMT | LONDON,https://www.sothebys.com/en/buy/auction/2019/erotic-passion-desire-online
The Fine Art Society: 142 Years on New Bond Street,5 FEBRUARY 2019 | 10:30 AM GMT | LONDON,https://www.sothebys.com/en/auctions/2019/fine-art-society-l19350.html
The Gilded Age Revisited: Property from a Distinguished American Collection,2 FEBRUARY 2019 | 10:00 AM EST | NEW YORK,https://www.sothebys.com/en/buy/auction/2019/the-gilded-age-revisited-property-from-a-distinguished-american-collection
A Collecting Legacy: Property from the Collection of Nelson & Happy Rockefeller,18 JANUARY 2019 | 10:00 AM EST | NEW YORK,https://www.sothebys.com/en/auctions/2019/a-collecting-legacy-property-from-nelson-happy-rockefeller-n10004.html
Impressionist & Modern Art Online,30 NOVEMBER–14 DECEMBER 2018 | 12:00 PM EST | NEW YORK,https://www.sothebys.com/en/buy/auction/2018/impressionist-modern-art-online
Z Collection,12 DECEMBER 2018 | 3:00 PM CET | PARIS,https://www.sothebys.com/en/auctions/2018/coll-z-pf1848.html
A Life of Discovery: Works from The Allan Stone Collection | Contemporary Art On…,3–10 DECEMBER 2018 | 12:00 PM EST | NEW YORK,https://www.sothebys.com/en/buy/auction/2018/a-life-of-discovery-works-from-the-allan-stone-collection-contemporary-art-online
(RED) ONLINE,12 NOVEMBER–7 DECEMBER 2018 | 4:00 PM EST | NEW YORK,https://www.sothebys.com/en/buy/auction/2018/red-online
Lady Blue Eyes: Property of Barbara and Frank Sinatra Online,27 NOVEMBER–7 DECEMBER 2018 | 12:00 PM EST | NEW YORK,https://www.sothebys.com/en/buy/auction/2018/lady-blue-eyes-property-of-barbara-and-frank-sinatra-online
Lady Blue Eyes: Property of Barbara and Frank Sinatra,6 DECEMBER 2018 | 2:00 PM EST | NEW YORK,https://www.sothebys.com/en/auctions/2018/lady-blue-eyes-property-barbara-frank-sinatra-n09963.html
Art Contemporain Day Sale,6 DECEMBER 2018 | 2:30 PM CET | PARIS,https://www.sothebys.com/en/auctions/2018/art-contemporain-day-sale-pf1835.html
(RED) AUCTION,5 DECEMBER 2018 | 7:00 PM EST | MIAMI,https://www.sothebys.com/en/auctions/2018/red-n10000.html
Art Contemporain Evening Sale,5 DECEMBER 2018 | 7:00 PM CET | PARIS,https://www.sothebys.com/en/auctions/2018/art-contemporain-eve-sale-pf1815.html
Arte Moderna e Contemporanea,28–29 NOVEMBER 2018 | 7:00 PM CET | MILAN,https://www.sothebys.com/en/auctions/2018/arte-moderna-e-contemporanea-mi0338.html
Boundless: India,29 NOVEMBER 2018 | 7:00 PM IST | MUMBAI,https://www.sothebys.com/en/auctions/2018/boundless-india-in1801.html
Rostropovich - Vishnevskaya: The Private Collection,28 NOVEMBER 2018 | 12:00 PM GMT | LONDON,https://www.sothebys.com/en/auctions/2018/rostropovich-sale-l18350.html
Original Mickey Film Posters: Celebrating 90 Years of Mickey Mouse,16–26 NOVEMBER 2018 | 3:00 PM GMT | LONDON,https://www.sothebys.com/en/buy/auction/2018/original-mickey-film-posters-celebrating-90-years-of-mickey-mouse
Brushwork III – Abstract Masters,24 NOVEMBER 2018 | 2:30 PM HKT | HONG KONG,https://www.sothebys.com/en/auctions/2018/brushwork-iii-abstract-masters-hk0832.html
Contemporary Curated,20 NOVEMBER 2018 | 10:00 AM GMT | LONDON,https://www.sothebys.com/en/auctions/2018/contemporary-curated-l18027.html
Watches,19 NOVEMBER 2018 | 7:30 PM GST | DUBAI,https://www.sothebys.com/en/auctions/2017/dubai-watches-db1802.html
Contemporary Art Day Auction,15 NOVEMBER 2018 | 10:00 AM EST | NEW YORK,https://www.sothebys.com/en/auctions/2018/contemporary-art-day-sale-n09933.html
The History of Now: The Collection of David Teiger | Sold to Benefit Teiger Fo…,14 NOVEMBER 2018 | 6:30 PM EST | NEW YORK,https://www.sothebys.com/en/auctions/2018/the-history-of-now-the-collection-of-david-teiger-n09990.html
Contemporary Art Evening Auction,14 NOVEMBER 2018 | 6:30 PM EST | NEW YORK,https://www.sothebys.com/en/auctions/2018/contemporary-art-evening-sale-n09932.html
Impressionist & Modern Art Day Sale,13 NOVEMBER 2018 | 9:00 AM EST | NEW YORK,https://www.sothebys.com/en/auctions/2018/impressionist-modern-art-day-sale-n09931.html
A Modernist Vision: Property from the Collection of Nelson & Happy Rockefeller,13 NOVEMBER 2018 | 9:00 AM EST | NEW YORK,https://www.sothebys.com/en/auctions/2018/a-modernist-vision-property-from-the-collection-of-nelson-happy-rockefeller-n09934.html
Impressionist & Modern Art Evening Sale,12 NOVEMBER 2018 | 7:00 PM EST | NEW YORK,https://www.sothebys.com/en/auctions/2018/impressionist-modern-art-evening-sale-n09930.html
The Collection of Martha Hyder Online,24 OCTOBER–8 NOVEMBER 2018 | 12:00 PM EST | NEW YORK,https://www.sothebys.com/en/buy/auction/2018/the-collection-of-martha-hyder-online
Pierre Bergé: From One Home to Another,30–31 OCTOBER 2018 | 10:30 AM CET | PARIS,https://www.sothebys.com/en/auctions/2018/collection-pierre-berge-pf1860.html
A Private View: Property from the Country Home of Christopher Cone and Stanley J…,30 OCTOBER 2018 | 1:00 PM GMT | LONDON,https://www.sothebys.com/en/auctions/2018/seeger-cone-collection-l18320.html
Modern & Contemporary Art Online,12–22 OCTOBER 2018 | 1:00 PM GMT,https://www.sothebys.com/en/auctions/2018/modern-contemporary-art-online.html
French Cancan by Natalie Seroussi,20 OCTOBER 2018 | 3:00 PM CEST | PARIS,https://www.sothebys.com/en/auctions/2018/french-cancan-pf1865.html
Art Impressionniste et Moderne,19 OCTOBER 2018 | 5:00 PM CEST | PARIS,https://www.sothebys.com/en/auctions/2018/art-impressioniste-pf1836.html
Œuvres de la Collection Oscar Mairlot. De Magritte à Zao Wou-Ki,19 OCTOBER 2018 | 2:30 PM CEST | PARIS,https://www.sothebys.com/en/auctions/2018/coll-mairlot-pf1866.html
La collection Renand-Chapet,18 OCTOBER 2018 | 7:00 PM CEST | PARIS,https://www.sothebys.com/en/auctions/2018/renand-chapet-pf1856.html
Modernités,18 OCTOBER 2018 | 6:30 PM CEST | PARIS,https://www.sothebys.com/en/auctions/2018/modernits-pf1816.html
Contemporary Art Online,8–18 OCTOBER 2018 | 2:00 AM GMT,https://www.sothebys.com/en/auctions/2018/contemporary-art-online-hk0842.html
The Midas Touch,17 OCTOBER 2018 | 2:30 PM BST | LONDON,https://www.sothebys.com/en/auctions/2018/the-midas-touch-l18323.html
Contemporary Art Day Auction,6 OCTOBER 2018 | 11:00 AM BST | LONDON,https://www.sothebys.com/en/auctions/2018/contemporary-art-day-auction-l18025.html
Contemporary Art Evening Auction,5 OCTOBER 2018 | 7:00 PM BST | LONDON,https://www.sothebys.com/en/auctions/2018/contemporary-art-evening-auction-l18024.html
The History of Now: The Collection of David Teiger,5 OCTOBER 2018 | 6:30 PM BST | LONDON,https://www.sothebys.com/en/auctions/2018/history-of-now-collection-david-teiger-l18623.html
Creating a Stage: The Collection of Marsha and Robin Williams,4 OCTOBER 2018 | 10:00 AM EDT | NEW YORK,https://www.sothebys.com/en/auctions/2018/creating-a-stage-collection-of-marsha-and-robin-williams-n09977.html
Alias Daniel Cordier – Online,1 OCTOBER 2018 | 2:00 PM CEST | PARIS,https://www.sothebys.com/en/auctions/2017/cordier-online-pf1898.html
Modern Asian Art,1 OCTOBER 2018 | 2:30 PM HKT | HONG KONG,https://www.sothebys.com/en/auctions/2018/modern-asian-art-hk0812.html
Contemporary Art,1 OCTOBER 2018 | 1:00 PM HKT | HONG KONG,https://www.sothebys.com/en/auctions/2018/contemporary-art-hk0813.html
Contemporary Art Evening Sale,30 SEPTEMBER 2018 | 7:00 PM HKT | HONG KONG,https://www.sothebys.com/en/auctions/2018/contemporary-art-evening-sale-hk0815.html
Modern Art Evening Sale,30 SEPTEMBER 2018 | 5:00 PM HKT | HONG KONG,https://www.sothebys.com/en/auctions/2018/modern-art-evening-sale-hk0809.html
Contemporary Art Online,13–28 SEPTEMBER 2018 | 4:00 PM GMT,https://www.sothebys.com/en/auctions/2018/contemporary-art-online-september-n09910.html
Alias Daniel Cordier,27 SEPTEMBER 2018 | 10:30 AM CEST | PARIS,https://www.sothebys.com/en/auctions/2018/cordier-pf1855.html
Contemporary Curated,25 SEPTEMBER 2018 | 10:00 AM EDT | NEW YORK,https://www.sothebys.com/en/auctions/2018/contemporary-curated-n09909.html
Yellow Ball: The Frank and Lorna Dunphy Collection Online,11–21 SEPTEMBER 2018 | 2:00 PM GMT,https://www.sothebys.com/en/auctions/2018/yellowball-online-l18622.html
Yellow Ball: The Frank and Lorna Dunphy Collection,20 SEPTEMBER 2018 | 1:00 PM BST | LONDON,https://www.sothebys.com/en/auctions/2018/yellowball-l18621.html
Contemporary Art Online,24–31 JULY 2018 | 2:00 PM GMT,https://www.sothebys.com/en/auctions/2018/18028-contemporary-art-online.html
Contemporary Art Online: NYC,13–20 JULY 2018 | 4:00 PM GMT,https://www.sothebys.com/en/auctions/2018/contemporary-art-online-july-n09893.html
The Attic Sale: Offered Without Reserve,29 JUNE 2018 | 2:00 PM GMT,https://www.sothebys.com/en/auctions/2018/the-attic-sale-l18991.html
Contemporary Editions Online: A Private Collection,15–28 JUNE 2018 | 1:00 PM GMT,https://www.sothebys.com/en/auctions/2018/contemporary-editions-online-miol04.html
Contemporary Chinese Art Online | No Reserve,22–27 JUNE 2018 | 1:00 PM EDT | NEW YORK,https://www.sothebys.com/en/buy/auction/2018/contemporary-chinese-art-online-no-reserve
Design in Situ,27 JUNE 2018 | 2:30 PM CEST | PARIS,https://www.sothebys.com/en/auctions/2018/design-in-situ-pf1824.html
Contemporary Art Day Auction,27 JUNE 2018 | 10:30 AM BST | LONDON,https://www.sothebys.com/en/auctions/2018/contemporary-art-day-auction-l18023.html
Contemporary Art Evening Auction,26 JUNE 2018 | 7:00 PM BST | LONDON,https://www.sothebys.com/en/auctions/2018/contemporary-art-evening-auction-l18022.html
Impressionist & Modern Art Day Sale,20 JUNE 2018 | 10:30 AM BST | LONDON,https://www.sothebys.com/en/auctions/2018/impressionist-modern-day-sale-l18008.html
Impressionist & Modern Art Evening Sale,19 JUNE 2018 | 7:00 PM BST | LONDON,https://www.sothebys.com/en/auctions/2018/impressionist-modern-art-evening-sale-l18006.html
CURATED: TURN IT UP,8 JUNE 2018 | 6:00 PM HKT | HONG KONG,https://www.sothebys.com/en/auctions/2018/curated-turn-it-up-hk0831.html
Art Contemporain Day Sale,7 JUNE 2018 | 2:30 PM CEST | PARIS,https://www.sothebys.com/en/auctions/2018/art-contemporain-day-sale-pf1825.html
Art Contemporain Evening Sale,6 JUNE 2018 | 7:00 PM CEST | PARIS,https://www.sothebys.com/en/auctions/2018/art-contemporain-evening-sale-pf1805.html
Contemporary Art Online: Jan Schoonhoven,17–24 MAY 2018 | 3:00 PM EDT | NEW YORK,https://www.sothebys.com/en/buy/auction/2018/contemporary-art-online-jan-schoonhoven
A Collection That We Dreamt Of: Art and Design From the Homes of Delphine an…,23 MAY 2018 | 5:00 PM EDT | NEW YORK,https://www.sothebys.com/en/auctions/2018/art-and-design-from-the-homes-of-delphine-and-reed-krakoff-n09881.html
Contemporary Art Day Auction,17 MAY 2018 | 10:00 AM EDT | NEW YORK,https://www.sothebys.com/en/auctions/2018/contemporary-art-day-auction-n09859.html
Contemporary Art Evening Auction,16 MAY 2018 | 7:00 PM EDT | NEW YORK,https://www.sothebys.com/en/auctions/2018/contemporary-art-evening-auction-n09858.html
Raising The Bar: Masterworks from the Collection of Morton and Barbara Mandel,16 MAY 2018 | 6:30 PM EDT | NEW YORK,https://www.sothebys.com/en/auctions/2018/raising-the-bar-masterworks-mandel-collection-n09862.html
Impressionist & Modern Art Day Sale,15 MAY 2018 | 10:00 AM EDT | NEW YORK,https://www.sothebys.com/en/auctions/2018/impressionist-modern-art-day-sale-n09861.html
Impressionist & Modern Art Evening Sale,14 MAY 2018 | 7:00 PM EDT | NEW YORK,https://www.sothebys.com/en/auctions/2018/impressionist-modern-art-evening-sale-n09860.html
Collections,3 MAY 2018 | 10:30 AM BST | LONDON,https://www.sothebys.com/en/auctions/2018/collections-l18304.html
Arte Moderna e Contemporanea,18–19 APRIL 2018 | 7:00 PM CEST | MILAN,https://www.sothebys.com/en/auctions/2018/arte-moderna-contemporanea-mi0337.html
Contemporary Curated,11 APRIL 2018 | 10:30 AM BST | LONDON,https://www.sothebys.com/en/auctions/2018/contemporary-curated-l18026.html
Contemporary Art,1 APRIL 2018 | 1:00 PM HKT | HONG KONG,https://www.sothebys.com/en/auctions/2018/contemporary-art-hk0784.html
Contemporary Art Evening Sale,31 MARCH 2018 | 7:00 PM HKT | HONG KONG,https://www.sothebys.com/en/auctions/2018/contemporary-art-evening-sale-hk0783.html
Modern Art Evening Sale,31 MARCH 2018 | 5:00 PM HKT | HONG KONG,https://www.sothebys.com/en/auctions/2018/modern-art-evening-sale-hk0782.html
"Collection Arthur Brandt Dada, Surréalisme et au-delà",24 MARCH 2018 | 2:30 PM CET | PARIS,https://www.sothebys.com/en/auctions/2018/collection-artur-brandt-ii-pf1846.html
Art Impressionniste et Moderne,23 MARCH 2018 | 6:00 PM CET | PARIS,https://www.sothebys.com/en/auctions/2018/art-impressionniste-pf1826.html
Œuvres sur Papier,22 MARCH 2018 | 6:00 PM CET | PARIS,https://www.sothebys.com/en/auctions/2018/works-on-paper-pf1806.html
Aboriginal Art,14 MARCH 2018 | 10:30 AM GMT | LONDON,https://www.sothebys.com/en/auctions/2018/aboriginal-l18321.html
Contemporary Art Day Auction,8 MARCH 2018 | 10:30 AM GMT | LONDON,https://www.sothebys.com/en/auctions/2018/contemporary-art-day-auction-l18021.html
Contemporary Art Evening Auction,7 MARCH 2018 | 7:00 PM GMT | LONDON,https://www.sothebys.com/en/auctions/2018/contemporary-art-evening-auction-l18020.html
Contemporary Art Online,21 FEBRUARY–6 MARCH 2018 | 5:00 PM GMT,https://www.sothebys.com/en/auctions/2018/contemporary-art-online-n09825.html
TO LIVE WITH ART: Property from the Jerome & Ellen Stern Collection,5 MARCH 2018 | 10:00 AM EST | NEW YORK,https://www.sothebys.com/en/auctions/2018/to-live-with-art-jerome-ellen-stern-collection-n09838.html
Contemporary Curated,2 MARCH 2018 | 10:00 AM EST | NEW YORK,https://www.sothebys.com/en/auctions/2018/contemporary-curated-n09824.html
Impressionist & Modern Art Day Sale,1 MARCH 2018 | 10:30 AM GMT | LONDON,https://www.sothebys.com/en/auctions/2018/impressionist-modern-art-day-sale-l18004.html
Impressionist & Modern Art Evening Sale,28 FEBRUARY 2018 | 7:00 PM GMT | LONDON,https://www.sothebys.com/en/auctions/2018/impressionist-modern-art-evening-sale-l18002.html
Surrealist Art Evening Sale,28 FEBRUARY 2018 | 7:00 PM GMT | LONDON,https://www.sothebys.com/en/auctions/2018/surrealist-art-evening-sale-l18003.html
NOW!,28 FEBRUARY 2018 | 10:30 AM CET | PARIS,https://www.sothebys.com/en/auctions/2018/now-pf1850.html
Erotic: Passion & Desire,15 FEBRUARY 2018 | 2:30 PM GMT | LONDON,https://www.sothebys.com/en/auctions/2018/erotic-sale-l18325.html
The Otto Naumann Sale,31 JANUARY 2018 | 6:00 PM EST | NEW YORK,https://www.sothebys.com/en/auctions/2018/the-otto-naumann-sale-n09810.html
The Line of Beauty: Drawings from the Collection of Howard and Saretta Barnet,31 JANUARY 2018 | 10:00 AM EST | NEW YORK,https://www.sothebys.com/en/auctions/2018/line-of-beauty-drawings-n09809.html
An American Dynasty in Europe The Eleanor Post Close and Antal Post de Be…,19–20 DECEMBER 2017 | 2:30 PM CET | PARIS,https://www.sothebys.com/en/auctions/2017/bekessy-pf1730.html
Art Contemporain - Day Sale,7 DECEMBER 2017 | 2:30 PM CET | PARIS,https://www.sothebys.com/en/auctions/2017/art-contemporain-vente-du-jour-pf1735.html
Art Contemporain – Evening Sale,6 DECEMBER 2017 | 7:00 PM CET | PARIS,https://www.sothebys.com/en/auctions/2017/art-contemporain-pf1715.html
Collection Alain & Candice Fraiberger,6 DECEMBER 2017 | 6:00 PM CET | PARIS,https://www.sothebys.com/en/auctions/2017/art-contemporain-pf1765.html
Arte Moderna e Contemporanea,29–30 NOVEMBER 2017 | 7:00 PM CET | MILAN,https://www.sothebys.com/en/auctions/2017/modern-contemporary-art-sale-mi0335.html
Jacques Grange - Collectionneur,21–22 NOVEMBER 2017 | 7:00 PM CET | PARIS,https://www.sothebys.com/en/auctions/2017/collection-privee-pf1760.html
Contemporary Curated,21 NOVEMBER 2017 | 10:30 AM GMT | LONDON,https://www.sothebys.com/en/auctions/2017/contemporary-curated-l17027.html
Contemporary Art Day Auction,17 NOVEMBER 2017 | 9:30 AM EST | NEW YORK,https://www.sothebys.com/en/auctions/2017/contemporary-art-day-auction-n09714.html
Contemporary Art Evening Auction,16 NOVEMBER 2017 | 6:30 PM EST | NEW YORK,https://www.sothebys.com/en/auctions/2017/contemporary-art-evening-auction-n09713.html
Impressionist & Modern Art Day Sale,15 NOVEMBER 2017 | 10:00 AM EST | NEW YORK,https://www.sothebys.com/en/auctions/2017/impressionist-modern-art-day-sale-n09741.html
Impressionist & Modern Art Evening Sale,14 NOVEMBER 2017 | 7:00 PM EST | NEW YORK,https://www.sothebys.com/en/auctions/2017/impressionist-modern-art-evening-sale-n09740.html
20th Century Art – A Different Perspective,14 NOVEMBER 2017 | 2:30 PM GMT | LONDON,https://www.sothebys.com/en/auctions/2017/20th-century-art-l17103.html
Boundless: Dubai,13 NOVEMBER 2017 | 7:30 PM GST | DUBAI,https://www.sothebys.com/en/auctions/2017/boundless-dubai-db1701.html
Collections,31 OCTOBER–1 NOVEMBER 2017 | 10:00 AM GMT | LONDON,https://www.sothebys.com/en/auctions/2017/collections-l17305.html
Art Impressionniste et Moderne,22 OCTOBER 2017 | 2:30 PM CEST | PARIS,https://www.sothebys.com/en/auctions/2017/art-impressionniste-et-moderne-pf1736.html
"Dada, Surréalisme et au-delà Collection Arthur Brandt",21 OCTOBER 2017 | 5:30 PM CEST | PARIS,https://www.sothebys.com/en/auctions/2017/collection-brandt-pf1746.html
Modernités : de Rodin à Soulages,19 OCTOBER 2017 | 5:00 PM CEST | PARIS,https://www.sothebys.com/en/auctions/2016/modernites-de-rodin-a-soulages-pf1716.html
Art For Grenfell,16 OCTOBER 2017 | 7:30 PM BST | LONDON,https://www.sothebys.com/en/auctions/2017/charity-auction-l17625.html
Contemporary Art Day Auction,6 OCTOBER 2017 | 12:00 PM BST | LONDON,https://www.sothebys.com/en/auctions/2016/contemporary-art-day-auction-l17025.html
Bauhaus_Defining a Century,6 OCTOBER 2017 | 11:00 AM BST | LONDON,https://www.sothebys.com/en/auctions/2017/the-bauhaus-sale-l17623.html
Contemporary Art Evening Auction,5 OCTOBER 2017 | 7:00 PM BST | LONDON,https://www.sothebys.com/en/auctions/2017/contemporary-art-evening-auction-l17024.html
In Context Italian Art,5 OCTOBER 2017 | 6:00 PM BST | LONDON,https://www.sothebys.com/en/auctions/2017/the-italian-sale-l17624.html
Contemporary Art,1 OCTOBER 2017 | 1:30 PM HKT | HONG KONG,https://www.sothebys.com/en/auctions/2017/contemporary-art-hk0740.html
Modern and Contemporary Art Evening Sale,30 SEPTEMBER 2017 | 5:00 PM HKT | HONG KONG,https://www.sothebys.com/en/auctions/2017/modern-contemporary-art-evening-sale-hk0736.html
Contemporary Curated,27 SEPTEMBER 2017 | 10:00 AM EDT | NEW YORK,https://www.sothebys.com/en/auctions/2017/contemporary-curated-n09624.html
The Collection of Edward Albee,26 SEPTEMBER 2017 | 10:00 AM EDT | NEW YORK,https://www.sothebys.com/en/auctions/2017/collection-edward-albee-n09678.html
Vivien: The Vivien Leigh Collection,26 SEPTEMBER 2017 | 10:30 AM BST | LONDON,https://www.sothebys.com/en/auctions/2017/vivien-leigh-collection-l17148.html
"De la collection du Prince Marc de Beauvau-Craon, Paris",15 SEPTEMBER 2017 | 2:30 PM CEST | PARIS,https://www.sothebys.com/en/auctions/2017/collection-prince-marc-de-beauvau-craon-pf1761.html
Shake It Up: Works from the Mario Testino Collection,14 SEPTEMBER 2017 | 11:00 AM BST | LONDON,https://www.sothebys.com/en/auctions/2017/shake-it-up-mario-testino-collection-l17622.html
Shake It Up: Works from the Mario Testino Collection,13 SEPTEMBER 2017 | 5:00 PM BST | LONDON,https://www.sothebys.com/en/auctions/2017/shake-it-up-mario-testino-collection-l17621.html
Madame Djahanguir Riahi – Les œuvres que j’ai aimées,6 JULY 2017 | 2:30 PM CEST | PARIS,https://www.sothebys.com/en/auctions/2017/collection-madame-djahanguir-riahi-pf1741.html
"Ginette et Alain Lesieutre, Collection Privée",29 JUNE 2017 | 2:30 PM CEST | PARIS,https://www.sothebys.com/en/auctions/2017/ginette-et-alain-lesieutre-pf1744.html
Contemporary Art Day Sale,29 JUNE 2017 | 11:00 AM BST | LONDON,https://www.sothebys.com/en/auctions/2017/contemporary-art-day-auction-l17023.html
Contemporary Art Evening Auction,28 JUNE 2017 | 7:00 PM BST | LONDON,https://www.sothebys.com/en/auctions/2017/contemporary-art-evening-auction-l17022.html
Impressionist & Modern Art Day Sale,22 JUNE 2017 | 10:30 AM BST | LONDON,https://www.sothebys.com/en/auctions/2017/impressionist-modern-art-day-sale-l17008.html
Impressionist & Modern Art Evening Sale,21 JUNE 2017 | 7:00 PM BST | LONDON,https://www.sothebys.com/en/auctions/2017/impressionist-modern-art-evening-sale-l17006.html
Actual Size,21 JUNE 2017 | 7:00 PM BST | LONDON,https://www.sothebys.com/en/auctions/2017/actual-size-l17007.html
Art Contemporain Vente du Jour,7 JUNE 2017 | 2:30 PM CEST | PARIS,https://www.sothebys.com/en/auctions/2017/art-contemporain-vente-du-jour-pf1725.html
Art Contemporain Vente du Soir,6 JUNE 2017 | 7:00 PM CEST | PARIS,https://www.sothebys.com/en/auctions/2017/art-contemporain-pf1705.html
Iolas,25 MAY 2017 | 2:00 PM BST | LONDON,https://www.sothebys.com/en/auctions/2017/alexander-iolas-l17211.html
Contemporary Art Day Auction,19 MAY 2017 | 10:00 AM EDT | NEW YORK,https://www.sothebys.com/en/auctions/2017/contemporary-art-day-auction-n09762.html
Contemporary Art Evening Auction,18 MAY 2017 | 7:00 PM EDT | NEW YORK,https://www.sothebys.com/en/auctions/2017/contemporary-art-evening-auction-n09761.html
Picasso Man & Beast: Works from the Collection of Marina Picasso,18 MAY 2017 | 9:30 AM EDT | NEW YORK,https://www.sothebys.com/en/auctions/2017/picasso-man-beast-collection-of-marina-picasso-n09727.html
Impressionist & Modern Art Day Sale,17 MAY 2017 | 10:00 AM EDT | NEW YORK,https://www.sothebys.com/en/auctions/2017/impressionist-modern-art-day-sale-n09711.html
Design,17 MAY 2017 | 2:30 PM CEST | PARIS,https://www.sothebys.com/en/auctions/2017/design-pf1704.html
Impressionist & Modern Art Evening Sale,16 MAY 2017 | 7:00 PM EDT | NEW YORK,https://www.sothebys.com/en/auctions/2017/impressionist-modern-art-evening-sale-n09710.html
Arte Moderna e Contemporanea,4–5 MAY 2017 | 7:00 PM CEST | MILAN,https://www.sothebys.com/en/auctions/2017/arte-moderna-contemporanea-mi0333.html
"Important Mobilier, Sculptures et Objets d'Art",27 APRIL 2017 | 10:30 AM CEST | PARIS,https://www.sothebys.com/en/auctions/2017/mobilier-sculptures-et-objets-dart-pf1701.html
Contemporary Curated,12 APRIL 2017 | 10:30 AM BST | LONDON,https://www.sothebys.com/en/auctions/2017/contemporary-curated-l17026.html
Modern and Contemporary Art Evening Sale,2 APRIL 2017 | 5:30 PM HKT | HONG KONG,https://www.sothebys.com/en/auctions/2017/modern-contemporary-art-evening-sale-hk0713.html
Brushwork II – All The World’s A Stage,2 APRIL 2017 | 5:00 PM HKT | HONG KONG,https://www.sothebys.com/en/auctions/2017/brushwork-ii-all-the-worlds-a-stage-hk0768.html
Collection de Monsieur Erik Le Caruyer de Beauvais,31 MARCH 2017 | 2:30 PM CEST | PARIS,https://www.sothebys.com/en/auctions/2017/collection-de-beauvais-pf1731.html
Art Impressionniste et Moderne,24 MARCH 2017 | 2:00 PM CET | PARIS,https://www.sothebys.com/en/auctions/2016/art-impressionniste-et-moderne-pf1726.html
Œuvres sur Papier,23 MARCH 2017 | 6:30 PM CET | PARIS,https://www.sothebys.com/en/auctions/2017/dessins-modernes-et-contemporains-pf1706.html
Contemporary Art Day Auction,9 MARCH 2017 | 10:30 AM GMT | LONDON,https://www.sothebys.com/en/auctions/2017/contemporary-art-day-auction-l17021.html
Contemporary Art Evening Auction,8 MARCH 2017 | 7:00 PM GMT | LONDON,https://www.sothebys.com/en/auctions/2017/contemporary-art-evening-auction-l17020.html
Contemporary Curated featuring works from “In Its Own Light: Property from t…,2 MARCH 2017 | 10:00 AM EST | NEW YORK,https://www.sothebys.com/en/auctions/2017/contemporary-curated-n09622.html
Impressionist & Modern Art Day Sale,2 MARCH 2017 | 10:00 AM GMT | LONDON,https://www.sothebys.com/en/auctions/2016/impressionist-modern-art-day-sale-l17004.html
Surrealist Art Evening Sale,1 MARCH 2017 | 8:00 PM GMT | LONDON,https://www.sothebys.com/en/auctions/2017/surrealist-art-evening-sale-l17003.html
Impressionist & Modern Art Evening Sale,1 MARCH 2017 | 7:00 PM GMT | LONDON,https://www.sothebys.com/en/auctions/2017/impressionist-modern-art-evening-sale-l17002.html
NOW!,23 FEBRUARY 2017 | 2:30 PM CET | PARIS,https://www.sothebys.com/en/auctions/2017/now-pf1750.html
Erotic: Passion & Desire,16 FEBRUARY 2017 | 2:00 PM GMT | LONDON,https://www.sothebys.com/en/auctions/2017/erotic-passion-desire-l17322.html
Impressionist and Modern Art,16 DECEMBER 2016 | 10:00 AM EST | NEW YORK,https://www.sothebys.com/en/auctions/2016/impressionist-and-modern-art-n09583.html
Art Impressionniste et Moderne,7 DECEMBER 2016 | 6:30 PM CET | PARIS,https://www.sothebys.com/en/auctions/2016/art-impressionniste-et-moderne-pf1616.html
De Magritte à Indiana : Regards d’amateurs Italiens / From Magritte to In…,7 DECEMBER 2016 | 6:00 PM CET | PARIS,https://www.sothebys.com/en/auctions/2016/de-magritte-indiana-regards-damateurs-italiens-pf1626.html
Art Contemporain,6–7 DECEMBER 2016 | 7:00 PM CET | PARIS,https://www.sothebys.com/en/auctions/2016/art-contemporain-pf1615.html
Arte Moderna e Contemporanea,23–24 NOVEMBER 2016 | 7:00 PM CET | MILAN,https://www.sothebys.com/en/auctions/2016/arte-moderna-contemporanea-mi0331.html
CHWAST,21–23 NOVEMBER 2016 | 7:00 PM CET | PARIS,https://www.sothebys.com/en/auctions/2016/henri-chwast-une-collection-abri-des-regards-pf1624.html
"Lord & Lady Attenborough: A Life in Art, The Celebrated Private Collection of Pi…",22 NOVEMBER 2016 | 2:30 PM GMT | LONDON,https://www.sothebys.com/en/auctions/2016/lord-lady-attenborough-life-in-art-picasso-ceramics.html
Contemporary Art Day Auction,18 NOVEMBER 2016 | 10:00 AM EST | NEW YORK,https://www.sothebys.com/en/auctions/2016/contemporary-art-day-auction-n09573.html
Contemporary Art Evening Auction,17 NOVEMBER 2016 | 7:00 PM EST | NEW YORK,https://www.sothebys.com/en/auctions/2016/contemporary-art-evening-auction-n09572.html
"Bowie/Collector Part I: Modern and Contemporary Art, Evening Auction",10–16 NOVEMBER 2016 | 7:00 PM GMT | LONDON,https://www.sothebys.com/en/auctions/2016/bowie-collector-part-i-modern-contemporary-art-evening-auction-l16142.html
Impressionist & Modern Art Day Sale,15 NOVEMBER 2016 | 10:00 AM EST | NEW YORK,https://www.sothebys.com/en/auctions/2016/impressionist-modern-art-day-sale-n09568.html
Impressionist & Modern Art Evening Sale,14 NOVEMBER 2016 | 7:00 PM EST | NEW YORK,https://www.sothebys.com/en/auctions/2016/impressionist-modern-art-evening-sale-n09567.html
"Bowie/Collector Part II: Modern and Contemporary Art, Day Auction",11 NOVEMBER 2016 | 10:30 AM GMT | LONDON,https://www.sothebys.com/en/auctions/2016/bowie-collector-part-ii-modern-contemporary-art-day-auction-l16148.html
Collections,26 OCTOBER 2016 | 10:00 AM BST | LONDON,https://www.sothebys.com/en/auctions/2016/collections-l16305.html
Contemporary Art Evening Auction,7–10 OCTOBER 2016 | 7:00 PM BST | LONDON,https://www.sothebys.com/en/auctions/2016/contemporary-art-evening-auction-l16024.html
Contemporary Art Day Auction,8 OCTOBER 2016 | 11:00 AM BST | LONDON,https://www.sothebys.com/en/auctions/2016/contemporary-art-day-auction-l16025.html
Photographs,7 OCTOBER 2016 | 10:00 AM EDT | NEW YORK,https://www.sothebys.com/en/auctions/2016/photographs-n09558.html
The Italian Sale,7 OCTOBER 2016 | 6:00 PM BST | LONDON,https://www.sothebys.com/en/auctions/2016/the-italian-sale-l16624.html
Contemporary Curated,29 SEPTEMBER 2016 | 10:00 AM EDT | NEW YORK,https://www.sothebys.com/en/auctions/2016/contemporary-curated-n09553.html
Contemporary Curated,20 SEPTEMBER 2016 | 11:00 AM BST | LONDON,https://www.sothebys.com/en/auctions/2016/contemporary-curated-l16027.html
Contemporary Art Day,29 JUNE 2016 | 10:00 AM BST | LONDON,https://www.sothebys.com/en/auctions/2016/contemporary-art-day-l16023.html
Contemporary Art Evening Auction,28 JUNE 2016 | 7:00 PM BST | LONDON,https://www.sothebys.com/en/auctions/2016/contemporary-art-evening-l16022.html
Impressionist & Modern Art Evening Sale,21–24 JUNE 2016 | 7:00 PM BST | LONDON,https://www.sothebys.com/en/auctions/2016/impressionist-modern-art-evening-sale-l16006.html
Impressionist & Modern Art Day Sale,22 JUNE 2016 | 10:00 AM BST | LONDON,https://www.sothebys.com/en/auctions/2016/impressionist-modern-art-day-sale-l16007.html
Art Contemporain,7–8 JUNE 2016 | 7:00 PM CEST | PARIS,https://www.sothebys.com/en/auctions/2016/art-contemporain-pf1605.html
Art Impressionniste et Moderne,1 JUNE 2016 | 6:00 PM CEST | PARIS,https://www.sothebys.com/en/auctions/2016/art-impressionniste-et-moderne-pf1606.html
Arte Moderna e Contemporanea,25–26 MAY 2016 | 7:00 PM CEST | MILAN,https://www.sothebys.com/en/auctions/2016/arte-moderna-contemporanea-mi0329.html
Contemporary Art Day Auction,12 MAY 2016 | 10:00 AM EDT | NEW YORK,https://www.sothebys.com/en/auctions/2015/contemporary-art-day-auction-n09501.html
Contemporary Art Evening Auction,11 MAY 2016 | 7:00 PM EDT | NEW YORK,https://www.sothebys.com/en/auctions/2015/contemporary-art-evening-auction-n09500.html
Impressionist & Modern Art Day Sale,10 MAY 2016 | 10:00 AM EDT | NEW YORK,https://www.sothebys.com/en/auctions/2016/impressionist-modern-art-day-sale-n09498.html
Impressionist & Modern Art Evening Sale,9 MAY 2016 | 7:00 PM EDT | NEW YORK,https://www.sothebys.com/en/auctions/2016/impressionist-modern-art-evening-sale-n09497.html
Collections & Collectors,28 APRIL 2016 | 10:00 AM BST | LONDON,https://www.sothebys.com/en/auctions/2016/collections-l16304.html
Alchemy: Objects of desire,21 APRIL 2016 | 2:00 PM BST | LONDON,https://www.sothebys.com/en/auctions/2016/alchemy-objects-desire-l16227.html
At Home: Sotheby’s Designer Showhouse and Auction,17 APRIL 2016 | 1:00 PM EDT | NEW YORK,https://www.sothebys.com/en/auctions/2016/sothebys-designer-showhouse-and-auction-n09494.html
Contemporary Curated,15 MARCH 2016 | 10:30 AM GMT | LONDON,https://www.sothebys.com/en/auctions/2016/contemporary-curated-l16026.html
Contemporary Curated,3 MARCH 2016 | 10:00 AM EST | NEW YORK,https://www.sothebys.com/en/auctions/2016/contemporary-curated-n09473.html
Now!,18 FEBRUARY 2016 | 2:30 PM CET | PARIS,https://www.sothebys.com/en/auctions/2016/now-pf1650.html
Contemporary Art Day Auction,11 FEBRUARY 2016 | 12:00 PM GMT | LONDON,https://www.sothebys.com/en/auctions/2016/contemporary-art-day-l16021.html
Contemporary Art Evening Auction,10 FEBRUARY 2016 | 7:00 PM GMT | LONDON,https://www.sothebys.com/en/auctions/2016/contemporary-art-evening-auction-l16020.html
Picasso in Private: Works from the Collection of Marina Picasso,5 FEBRUARY 2016 | 10:00 AM GMT | LONDON,https://www.sothebys.com/en/auctions/2016/picasso-in-private-collection-marina-picasso-l16005.html
Impressionist & Modern Art Day Sale,4 FEBRUARY 2016 | 10:00 AM GMT | LONDON,https://www.sothebys.com/en/auctions/2016/impressionist-modern-art-day-sale-l16004.html
Surrealist Art Evening Sale,3 FEBRUARY 2016 | 7:00 PM GMT | LONDON,https://www.sothebys.com/en/auctions/2016/surrealist-art-evening-sale-l16003.html
Impressionist & Modern Art Evening Sale,3 FEBRUARY 2016 | 7:00 PM GMT | LONDON,https://www.sothebys.com/en/auctions/2016/impressionist-modern-art-evening-sale-l16002.html
Art Impressionniste et Moderne,10 DECEMBER 2015 | 6:00 PM CET | PARIS,https://www.sothebys.com/en/auctions/2015/art-impressionniste-moderne-pf1516.html
Art Contemporain,9–10 DECEMBER 2015 | 7:00 PM CET | PARIS,https://www.sothebys.com/en/auctions/2015/art-contemporain-pf1515.html
Arte Moderna e Contemporanea,24–25 NOVEMBER 2015 | 7:00 PM CET | MILAN,https://www.sothebys.com/en/auctions/2015/arte-moderna-contemporanea-mi0327.html
BERHNHEIMER Day Sale,25 NOVEMBER 2015 | 10:00 AM GMT | LONDON,https://www.sothebys.com/en/auctions/2015/bernheimer-day-sale-l15043.html
Fast Forward: New Directions in Contemporary Art,17 NOVEMBER 2015 | 3:00 PM EST | NEW YORK,https://www.sothebys.com/en/auctions/2015/fast-forward-n09388.html
Contemporary Art Day Auction,12 NOVEMBER 2015 | 9:30 AM EST | NEW YORK,https://www.sothebys.com/en/auctions/2015/contemporary-art-day-auction-n09421.html
Contemporary Art Evening Auction,11 NOVEMBER 2015 | 7:00 PM EST | NEW YORK,https://www.sothebys.com/en/auctions/2015/contemporary-art-evening-auction-n09420.html
Impressionist & Modern Art Day Sale,6 NOVEMBER 2015 | 10:00 AM EST | NEW YORK,https://www.sothebys.com/en/auctions/2014/impressionist-modern-art-day-sale-n09416.html
Impressionist & Modern Art Evening Sale,5 NOVEMBER 2015 | 7:00 PM EST | NEW YORK,https://www.sothebys.com/en/auctions/2015/impressionist-modern-art-evening-sale-n09415.html
The Collection of A. Alfred Taubman: Modern & Contemporary Art,5 NOVEMBER 2015 | 10:00 AM EST | NEW YORK,https://www.sothebys.com/en/auctions/2015/modern-contemporary-art-collection-a-alfred-taubman-n09431.html
The Collection of A. Alfred Taubman: Masterworks,4 NOVEMBER 2015 | 7:00 PM EST | NEW YORK,https://www.sothebys.com/en/auctions/2015/masterworks-collection-a-alfred-taubman-n09430.html
Contemporary Art Day Auction,16 OCTOBER 2015 | 10:00 AM BST | LONDON,https://www.sothebys.com/en/auctions/2015/contemporary-art-day-auction-l15025.html
Contemporary Art Evening Auction,15 OCTOBER 2015 | 7:00 PM BST | LONDON,https://www.sothebys.com/en/auctions/2015/contemporary-art-evening-auction-l15024.html
The Italian Sale,15 OCTOBER 2015 | 6:00 PM BST | LONDON,https://www.sothebys.com/en/auctions/2015/the-italian-sale-l15624.html
Contemporary Curated,29 SEPTEMBER 2015 | 10:00 AM EDT | NEW YORK,https://www.sothebys.com/en/auctions/2015/contemporary-curated-n09403.html
Rencontres Couture à Paris de la Collection Didier Ludot,8 JULY 2015 | 4:00 PM CEST | PARIS,https://www.sothebys.com/en/auctions/2015/collection-didier-ludot-pf1570.html
Contemporary Art Day Auction,2 JULY 2015 | 10:00 AM BST | LONDON,https://www.sothebys.com/en/auctions/2015/contemporary-art-day-auction-l15023.html
Contemporary Art Evening Auction,1 JULY 2015 | 7:00 PM BST | LONDON,https://www.sothebys.com/en/auctions/2015/contemporary-art-evening-auction-l15022.html
Now !,1 JULY 2015 | 4:00 PM CEST | PARIS,https://www.sothebys.com/en/auctions/2015/now-pf1524.html
Impressionist & Modern Art Day Sale,25 JUNE 2015 | 10:00 AM BST | LONDON,https://www.sothebys.com/en/auctions/2014/impressionist-modern-art-day-sale-l15007.html
Impressionist & Modern Art Evening Sale,24 JUNE 2015 | 7:00 PM BST | LONDON,https://www.sothebys.com/en/auctions/2015/impressionist-modern-art-evening-sale-l15006.html
Contemporary Curated,10 JUNE 2015 | 10:00 AM EDT | NEW YORK,https://www.sothebys.com/en/auctions/2015/contemporary-curated-n09366.html
A Tale of Two Cities: Venice and Dresden Two Private Collections,9 JUNE 2015 | 10:30 AM BST | LONDON,https://www.sothebys.com/en/auctions/2015/tale-two-cities-venice-dresden-l15320.html
Art Impressionniste et Moderne,3 JUNE 2015 | 6:00 PM CEST | PARIS,https://www.sothebys.com/en/auctions/2015/art-impressionniste-moderne-pf1506.html
Art Contemporain,2–3 JUNE 2015 | 7:00 PM CEST | PARIS,https://www.sothebys.com/en/auctions/2015/art-contemporain-pf1505.html
Impressionist & Modern Art,28 MAY 2015 | 10:00 AM EDT | NEW YORK,https://www.sothebys.com/en/auctions/2015/impressionist-modern-art-n09354.html
Contemporary Art Day Auction,13 MAY 2015 | 9:30 AM EDT | NEW YORK,https://www.sothebys.com/en/auctions/2015/contemporary-day-n09346.html
Contemporary Art Evening Auction,12 MAY 2015 | 7:00 PM EDT | NEW YORK,https://www.sothebys.com/en/auctions/2015/contemporary-evening-n09345.html
Impressionist & Modern Art Day Sale,6 MAY 2015 | 10:00 AM EDT | NEW YORK,https://www.sothebys.com/en/auctions/2015/impressionist-modern-art-day-sale-n09341.html
Impressionist & Modern Art Evening Sale,5 MAY 2015 | 7:00 PM EDT | NEW YORK,https://www.sothebys.com/en/auctions/2015/impressionist-modern-art-evening-sale-n09340.html
Contemporary Art / Doha,21 APRIL 2015 | 7:00 PM AST | DOHA,https://www.sothebys.com/en/auctions/2015/contemporary-art-doha-do1501.html
The New York Sale,1 APRIL 2015 | 8:00 PM EDT | NEW YORK,https://www.sothebys.com/en/auctions/2014/the-new-york-sale-n09215.html
Bear Witness | #SothebysBearWitness,10–12 MARCH 2015 | 7:00 PM GMT | LONDON,https://www.sothebys.com/en/auctions/2015/bear-witness-l15026.html
Bande Dessinée,7 MARCH 2015 | 2:30 PM CET | PARIS,https://www.sothebys.com/en/auctions/2015/bande-dessinee-pf1555.html
Contemporary Art Day Auction,11 FEBRUARY 2015 | 10:00 AM GMT | LONDON,https://www.sothebys.com/en/auctions/2015/contemporary-art-day-auction-l15021.html
Contemporary Art Evening Auction,10 FEBRUARY 2015 | 6:30 PM GMT | LONDON,https://www.sothebys.com/en/auctions/2015/contemporary-art-evening-auction-l15020.html
Contemporary Art Day Auction,18 OCTOBER 2014 | 11:00 AM BST | LONDON,https://www.sothebys.com/en/auctions/2014/contemporary-art-day-auction-l14025.html
Contemporary Art Day Auction,1 JULY 2014 | 10:00 AM BST | LONDON,https://www.sothebys.com/en/auctions/2014/contemporary-art-day-auction-l14023.html
Modern and Contemporary Asian Art Evening Sale,4 OCTOBER 2008 | 7:30 PM HKT | HONG KONG,https://www.sothebys.com/en/auctions/2008/modern-and-contemporary-asian-art-evening-sale-hk0292.html
